{"accuracy":0.34375,"loss":{"bins":[69.01190185546875,80.98902130126953,92.96614074707031,104.9432601928711,116.92037963867188,128.89749145507812,140.87461853027344,152.8517303466797,164.828857421875,176.80596923828125,188.7830810546875,200.7602081298828,212.73731994628906,224.71444702148438,236.69155883789062,248.66868591308594,260.64581298828125,272.6229248046875,284.60003662109375,296.5771484375,308.55426025390625,320.5314025878906,332.5085144042969,344.4856262207031,356.4627380371094,368.4398498535156,380.4169921875,392.39410400390625,404.3712158203125,416.34832763671875,428.3254699707031,440.3025817871094,452.2796936035156],"_type":"histogram","values":[1,0,2,2,1,5,2,6,5,12,9,6,14,11,12,3,7,10,8,3,3,1,1,0,1,0,0,0,1,0,0,2]},"_wandb":{"runtime":142},"_timestamp":1.7303045523343225e+09,"_runtime":141.880673327,"_step":277}