{"_step":361,"_wandb":{"runtime":181},"accuracy":0.484375,"loss":210.8071746826172,"_timestamp":1.7303049670684228e+09,"_runtime":181.52415305}