{"_wandb":{"runtime":20},"_timestamp":1.7303043928061304e+09,"_runtime":20.39466571,"_step":39,"accuracy":0.1484375,"loss":{"_type":"histogram","values":[3,3,3,3,3,4,4,6,4,4,5,4,5,7,5,8,13,8,8,5,2,4,8,2,1,3,0,1,0,1,0,1],"bins":[209.02220153808594,214.10362243652344,219.18504333496094,224.26644897460938,229.34786987304688,234.42929077148438,239.51071166992188,244.5921173095703,249.6735382080078,254.7549591064453,259.83636474609375,264.91778564453125,269.99920654296875,275.08062744140625,280.16204833984375,285.24346923828125,290.32489013671875,295.40631103515625,300.48773193359375,305.5691223144531,310.6505432128906,315.7319641113281,320.8133850097656,325.8948059082031,330.9762268066406,336.0576477050781,341.1390686035156,346.2204895019531,351.3018798828125,356.38330078125,361.4647216796875,366.546142578125,371.6275634765625]}}