{"_timestamp":1.730304765881002e+09,"_runtime":162.463668063,"_step":317,"_wandb":{"runtime":162},"accuracy":0.453125,"loss":214.04129028320312}