{"_runtime":123.985870138,"_step":254,"train accuracy":0.34375,"_wandb":{"runtime":126},"loss":229.10260009765625,"_timestamp":1.7303051016798887e+09}